Country.Name,Country.Code,Daily.tobacco,Daily.cigarettes
Afghanistan,AFG,NA,NA
Albania,ALB,23.8,21.3
Algeria,DZA,NA,NA
Andorra,AND,27.9,22
Angola,AGO,NA,NA
Antigua and Barbuda,ATG,NA,NA
Argentina,ARG,18.1,17.3
Armenia,ARM,24.7,22.7
Australia,AUS,13.7,11
Austria,AUT,NA,NA
Azerbaijan,AZE,18.6,15.5
Bahamas,BHS,NA,NA
Bahrain,BHR,27.1,21.2
Bangladesh,BGD,19.6,12.5
Barbados,BRB,5,3.8
Belarus,BLR,22.6,21.1
Belgium,BEL,19.7,15.5
Belize,BLZ,NA,NA
Benin,BEN,7.4,4.6
Bhutan,BTN,NA,NA
Bolivia (Plurinational State of),BOL,NA,NA
Bosnia and Herzegovina,BIH,32.1,28.2
Botswana,BWA,NA,NA
Brazil,BRA,12.7,11.5
Brunei Darussalam,BRN,12.9,10.5
Bulgaria,BGR,30,27.1
Burkina Faso,BFA,16.2,7.7
Burundi,BDI,NA,NA
Cabo Verde,CPV,9.7,6.1
Cambodia,KHM,19.8,16.8
Cameroon,CMR,13.6,9.8
Canada,CAN,11.9,11.7
Central African Republic,CAF,NA,NA
Chad,TCD,NA,NA
Chile,CHL,27.5,23
China,CHN,22.4,20.4
Colombia,COL,8.1,5.7
Comoros,COM,12.5,6.3
Congo,COG,13,9.8
Congo (Democratic Republic of the),COD,NA,NA
Cook Islands,COK,NA,NA
Costa Rica,CRI,8.3,6.9
Cote d'Ivoire,CIV,NA,NA
Croatia,HRV,31.1,24.7
Cuba,CUB,23.4,21
Cyprus,CYP,NA,NA
Czech Republic,CZE,24.7,24.1
Denmark,DNK,15.6,11.5
Djibouti,DJI,NA,NA
Dominica,DMA,NA,NA
Dominican Republic,DOM,11.3,8.9
Ecuador,ECU,4.5,3.9
Egypt,EGY,20.3,14.8
El Salvador,SLV,NA,NA
Equatorial Guinea,GNQ,NA,NA
Eritrea,ERI,NA,NA
Estonia,EST,26.1,23.6
Ethiopia,ETH,3.3,2.9
Fiji,FJI,18.1,15.1
Finland,FIN,16.8,13.6
France,FRA,23.5,20.1
Gabon,GAB,NA,NA
Gambia,GMB,NA,NA
Georgia,GEO,24,21.7
Germany,DEU,24.2,23.1
Ghana,GHA,4.9,3.9
Greece,GRC,35.2,29.7
Grenada,GRD,NA,NA
Guatemala,GTM,NA,NA
Guinea,GIN,NA,NA
Guinea-Bissau,GNB,NA,NA
Guyana,GUY,NA,NA
Haiti,HTI,8.6,4.8
Honduras,HND,11.1,9.9
Hungary,HUN,25.1,22.1
Iceland,ISL,13.1,11.5
India,IND,10.7,3.1
Indonesia,IDN,33.1,30.8
Iran (Islamic Republic of),IRN,10.4,5.6
Iraq,IRQ,NA,NA
Ireland,IRL,19.2,19.2
Israel,ISR,23.3,21.6
Italy,ITA,22,21.1
Jamaica,JAM,13,9.3
Japan,JPN,18.1,18.1
Jordan,JOR,31,22
Kazakhstan,KAZ,17.4,16.1
Kenya,KEN,9.8,8.7
Kiribati,KIR,45.6,24.2
Korea (Democratic People's Republic of),PRK,NA,NA
Korea (Republic of),KOR,25.7,25.7
Kuwait,KWT,NA,NA
Kyrgyzstan,KGZ,20.9,19.9
Lao People's Democratic Republic,LAO,29,23.6
Latvia,LVA,30,26.8
Lebanon,LBN,28.7,16.9
Lesotho,LSO,19.9,14.9
Liberia,LBR,11.2,7.5
Libya,LBY,NA,NA
Lithuania,LTU,23.6,18.9
Luxembourg,LUX,18.8,15.8
Macedonia (the former Yugoslav Republic of),MKD,NA,NA
Madagascar,MDG,NA,NA
Malawi,MWI,11.9,9.7
Malaysia,MYS,18.2,16.1
Maldives,MDV,NA,NA
Mali,MLI,14.9,8.5
Malta,MLT,20.7,18.3
Marshall Islands,MHL,NA,NA
Mauritania,MRT,19,8.7
Mauritius,MUS,16,14.5
Mexico,MEX,8.3,8
Micronesia (Federated States of),FSM,NA,NA
Moldova (Republic of),MDA,20.1,17.9
Monaco,MCO,NA,NA
Mongolia,MNG,22.7,20.2
Montenegro,MNE,NA,NA
Morocco,MAR,17.9,14.1
Mozambique,MOZ,13.4,10.5
Myanmar,MMR,15.8,10
Namibia,NAM,18.9,12.3
Nauru,NRU,39.8,28
Nepal,NPL,18.1,16.9
Netherlands,NLD,19.6,18.8
New Zealand,NZL,15.5,15.1
Nicaragua,NIC,NA,NA
Niger,NER,6,5.6
Nigeria,NGA,7,4.8
Niue,NIU,11.7,9.3
Norway,NOR,17.2,14.7
Oman,OMN,10.9,8.2
Pakistan,PAK,18.6,11.6
Palau,PLW,NA,NA
Panama,PAN,3.9,3.4
Papua New Guinea,PNG,NA,NA
Paraguay,PRY,11.9,9.9
Peru,PER,NA,NA
Philippines,PHL,20.6,18.6
Poland,POL,23.2,22.6
Portugal,PRT,17.7,15.2
Qatar,QAT,NA,NA
Romania,ROU,25.7,23.8
Russian Federation,RUS,33.4,31
Rwanda,RWA,NA,NA
Saint Kitts and Nevis,KNA,NA,NA
Saint Lucia,LCA,NA,NA
Saint Vincent and the Grenadines,VCT,NA,NA
Samoa,WSM,24.4,21.5
San Marino,SMR,NA,NA
Sao Tome and Principe,STP,NA,NA
Saudi Arabia,SAU,14.5,10.2
Senegal,SEN,9.5,6.8
Serbia,SRB,33.5,31.1
Seychelles,SYC,20.7,15.7
Sierra Leone,SLE,25.7,20.6
Singapore,SGP,13.2,12.4
Slovakia,SVK,22,18.8
Slovenia,SVN,17.7,14.9
Solomon Islands,SLB,NA,NA
Somalia,SOM,NA,NA
South Africa,ZAF,16.1,11.7
South Sudan,SSD,NA,NA
Spain,ESP,25.7,23
Sri Lanka,LKA,10.9,7.5
Sudan,SDN,NA,NA
Suriname,SUR,NA,NA
Swaziland,SWZ,7.1,4.8
Sweden,SWE,11.8,11.8
Switzerland,CHE,19.5,19.1
Syrian Arab Republic,SYR,NA,NA
Tajikistan,TJK,NA,NA
"Tanzania, United Republic of",TZA,11.9,10
Thailand,THA,18.2,17.4
Timor-Leste,TLS,NA,NA
Togo,TGO,NA,NA
Tonga,TON,25.8,19.7
Trinidad and Tobago,TTO,NA,NA
Tunisia,TUN,NA,NA
Turkey,TUR,22.4,21.4
Turkmenistan,TKM,NA,NA
Tuvalu,TUV,NA,NA
Uganda,UGA,6.6,5.3
Ukraine,UKR,25.4,24.1
United Arab Emirates,ARE,NA,NA
United Kingdom of Great Britain and Northern Ireland,GBR,20.3,20.3
United States of America,USA,14.3,14.3
Uruguay,URY,18.9,17.6
Uzbekistan,UZB,10.4,8.5
Viet Nam,VNM,19.2,14.3
Zambia,ZMB,10.5,8.2
